Student ID & Name,Student Athletic Team 1,Applied To Year Semester,Student Domestic/International Status,Student World Region of Citizenship,Student Home Admission Publication Region,Student Home State,Student Gender,Student IPEDS Race Ethnicity,Student Degree Level,Enrollment College,Primary College Degree Program,Primary Enrollment HEGIS,Class Year Category,Applicant Group,Average Undergraduate Applicant High School GPA,Average ACT Highest Composite Score (Applicants Wanting Test Scores Considered),Average SAT Highest Composite Score (Applicants Wanting Test Scores Considered),Semester 1 GPI,Semester 1 Cum GPA,Semester 2 GPI,Semester 2 Cum GPA,Semester 3 GPI,Semester 3 Cum GPA,Semester 4 GPI,Semester 4 Cum GPA,Semester 5 GPI,Semester 5 Cum GPA,Semester 6 GPI,Semester 6 Cum GPA,Semester 7 GPI,Semester 7 Cum GPA,Semester 8 GPI,Semester 8 Cum GPA,Semester 9 GPI,Semester 9 Cum GPA,Semester 10 GPI,Semester 10 Cum GPA,Semester 11 GPI,Semester 11 Cum GPA,Semester 12 GPI,Semester 12 Cum GPA
2,Quidditch,"Fall, 2023",Domestic,Unknown,Pacific,Broccoli ,Male,Asian,UNDERGRAD,CAS,Bachelor of Arts,1704,Undergrad Freshman,Freshman,3.9,,,3.15,3.15,3.4,3.28,,,,,,,,,,,,,,,,,,,,
3,Ping Pong,"Fall, 2022",Domestic,Unknown,New England,Grapefruit,Female,Hispanic/Latino,UNDERGRAD,COM,Bachelor of Science,602,Undergrad Sophomore,Freshman,3.6,,,3.5,3.5,3.6,3.55,3.5,3.53,3.35,3.49,,,,,,,,,,,,,,,,
4,Bowling,"Fall, 2022",Domestic,Unknown,Mid-Atlantic,Lemon,Female,White,UNDERGRAD,CAS,Bachelor of Arts,1501,Undergrad Sophomore,Freshman,4.0,,,3.4,3.4,3.25,3.33,3.65,3.43,3.93,3.56,,,,,,,,,,,,,,,,
6,Curling,"Fall, 2023",Domestic,Unknown,Mid-Atlantic,Blueberry,Male,African American or Black,UNDERGRAD,ENG,Bachelor of Science,930,Undergrad Freshman,Freshman,3.8,,,3.23,3.23,3.15,3.19,,,,,,,,,,,,,,,,,,,,
8,Handball,"Fall, 2023",Domestic,Unknown,Pacific,Broccoli ,Female,White,UNDERGRAD,CAS,Bachelor of Arts,435,Undergrad Freshman,Freshman,3.7,,,2.85,2.85,2.75,2.8,,,,,,,,,,,,,,,,,,,,
9,Beach Volleyball,"Fall, 2021",Domestic,Unknown,Mid-Atlantic,Lemon,Female,Asian,UNDERGRAD,QST,Bachelor of Science in Business Administration,506,Undergrad Junior,Freshman,4.3,,,3.83,3.83,3.93,3.88,3.75,3.83,3.78,3.82,3.83,3.84,3.75,3.82,,,,,,,,,,,,
11,Quidditch,"Fall, 2023",Domestic,Unknown,Midwest,Watermelon,Male,White,UNDERGRAD,CAS,Bachelor of Arts,2204,Undergrad Freshman,Freshman,3.6,,,3.53,3.53,3.74,3.63,,,,,,,,,,,,,,,,,,,,
14,Badminton,"Fall, 2023",Domestic,Unknown,Mid-Atlantic,Blackberry,Male,White,UNDERGRAD,CAS,Bachelor of Arts,2204,Undergrad Freshman,Freshman,3.8,,,2.67,2.67,3.47,3.07,,,,,,,,,,,,,,,,,,,,
18,Curling,"Fall, 2023",Domestic,Unknown,New England,Plum,Male,White,UNDERGRAD,CAS,Bachelor of Arts,2204,Undergrad Freshman,Freshman,3.7,,,3.0,3.0,2.28,2.59,,,,,,,,,,,,,,,,,,,,
22,Polo,"Fall, 2022",Domestic,Unknown,Pacific,Broccoli ,Female,White,UNDERGRAD,QST,Bachelor of Science in Business Administration,506,Undergrad Sophomore,Freshman,3.7,,,3.1,3.1,3.65,3.38,3.21,3.32,3.5,3.36,,,,,,,,,,,,,,,,
27,Curling,"Fall, 2022",Domestic,Unknown,South,Dragon Fruit,Female,White,UNDERGRAD,QST,Bachelor of Science in Business Administration,506,Undergrad Sophomore,Freshman,4.0,,,2.75,2.75,2.84,2.8,3.02,2.88,3.4,3.01,,,,,,,,,,,,,,,,
29,Cricket,"Fall, 2021",Domestic,Unknown,Midwest,Pineapple,Female,White,UNDERGRAD,COM,Bachelor of Science,691,Undergrad Junior,Freshman,4.1,,,3.5,3.5,3.77,3.61,2.25,3.13,3.53,3.21,3.85,3.35,3.68,3.4,,,,,,,,,,,,
32,Ping Pong,"Fall, 2022",Domestic,Unknown,Midwest,Watermelon,Female,White,UNDERGRAD,QST,Bachelor of Science in Business Administration,506,Undergrad Sophomore,Freshman,4.1,,,3.58,3.58,3.82,3.71,3.75,3.72,3.58,3.68,,,,,,,,,,,,,,,,
33,Badminton,"Fall, 2022",Domestic,Unknown,Mid-Atlantic,Kiwi,Male,White,UNDERGRAD,CAS,Bachelor of Arts,2204,Undergrad Sophomore,Freshman,3.8,,,2.83,3.06,2.43,2.8,2.36,2.67,3.43,2.82,,,,,,,,,,,,,,,,
34,Squash ,"Fall, 2021",International,Sourdough,Unknown,Unknown,Female,U.S. Nonresident,UNDERGRAD,COM,Bachelor of Science,608,Undergrad Junior,Freshman,3.5,,,3.58,3.58,3.93,3.75,3.75,3.75,3.85,3.78,3.85,3.79,3.68,3.77,,,,,,,,,,,,
38,Frisbee,"Fall, 2022",Domestic,Unknown,Pacific,Broccoli ,Male,Hispanic/Latino,UNDERGRAD,CAS,Bachelor of Arts,441,Undergrad Sophomore,Freshman,4.3,,,3.23,3.23,3.28,3.25,3.08,3.19,2.15,2.93,,,,,,,,,,,,,,,,
40,Ping Pong,"Fall, 2022",Domestic,Unknown,New England,Plum,Female,White,UNDERGRAD,SAR,Bachelor of Science,1237,Undergrad Sophomore,Freshman,4.3,,,3.75,3.75,3.84,3.8,3.77,3.79,3.75,3.78,,,,,,,,,,,,,,,,
41,Ping Pong,"Fall, 2022",Domestic,Unknown,Mid-Atlantic,Lemon,Female,African American or Black,UNDERGRAD,SAR,Bachelor of Science,5558,Undergrad Senior,Transfer,3.7,,,3.1,3.1,3.4,3.27,3.6,3.36,3.74,3.46,,,,,,,,,,,,,,,,
42,Curling,"Spring, 2023",International,Wheat,Unknown,Unknown,Male,U.S. Nonresident,UNDERGRAD,ENG,Bachelor of Science,910,Undergrad Sophomore,Freshman,3.3,,,3.35,3.35,3.78,3.57,3.83,3.66,,,,,,,,,,,,,,,,,,
43,Kickball,"Spring, 2023",Domestic,Unknown,Midwest,Cherry,Female,Missing,UNDERGRAD,CAS,Bachelor of Arts,701,Undergrad Junior,Transfer,4.3,,,3.77,3.77,3.93,3.86,3.71,3.81,,,,,,,,,,,,,,,,,,
44,Badminton,"Fall, 2023",Domestic,Unknown,Mid-Atlantic,Blackberry,Male,Hispanic/Latino,UNDERGRAD,ENG,Bachelor of Science,15,Undergrad Freshman,Freshman,3.6,,,2.44,2.44,2.79,2.63,,,,,,,,,,,,,,,,,,,,
47,Roller Derby,"Fall, 2023",International,Sourdough,Unknown,Unknown,Male,U.S. Nonresident,UNDERGRAD,CAS,Bachelor of Arts,401,Undergrad Junior,Transfer,3.9,,,2.68,2.73,3.77,3.08,,,,,,,,,,,,,,,,,,,,
49,Volleyball,"Fall, 2021",Domestic,Unknown,South,Cabbage,Male,African American or Black,UNDERGRAD,CAS,Bachelor of Arts,2207,Undergrad Junior,Freshman,3.9,,,2.87,2.87,1.43,2.04,3.47,2.47,2.53,2.48,3.68,2.76,2.9,2.79,,,,,,,,,,,,
50,Curling,"Fall, 2022",Domestic,Unknown,Pacific,Broccoli ,Male,White,UNDERGRAD,ENG,Bachelor of Science,910,Undergrad Sophomore,Freshman,4.3,,,3.53,3.53,3.46,3.49,3.87,3.62,3.74,3.66,,,,,,,,,,,,,,,,
53,Sailing,"Fall, 2023",International,Wheat,Unknown,Unknown,Male,U.S. Nonresident,UNDERGRAD,QST,Bachelor of Science in Business Administration,506,Undergrad Freshman,Freshman,3.7,,,3.6,3.6,3.11,3.34,,,,,,,,,,,,,,,,,,,,
54,Cricket,"Fall, 2023",Domestic,Unknown,Mid-Atlantic,Blackberry,Female,White,UNDERGRAD,SAR,Bachelor of Science,1237,Undergrad Freshman,Freshman,3.7,,,3.79,3.79,3.33,3.58,,,,,,,,,,,,,,,,,,,,
56,Climbing,"Fall, 2022",Domestic,Unknown,New England,Plum,Female,White,UNDERGRAD,CAS,Bachelor of Arts,2001,Undergrad Sophomore,Freshman,3.6,,,2.67,2.67,3.08,2.9,3.35,3.06,3.23,3.1,,,,,,,,,,,,,,,,
57,Snowboarding,"Fall, 2023",Domestic,Unknown,New England,Plum,Female,White,UNDERGRAD,COM,Bachelor of Science,614,Undergrad Freshman,Freshman,3.2,,,3.57,3.57,3.25,3.39,,,,,,,,,,,,,,,,,,,,
60,Ping Pong,"Fall, 2023",Domestic,Unknown,South,Cabbage,Female,White,UNDERGRAD,CAS,Bachelor of Arts,435,Undergrad Freshman,Freshman,4.2,,,3.33,3.33,3.5,3.41,,,,,,,,,,,,,,,,,,,,
63,Skiing,"Fall, 2023",Domestic,Unknown,Midwest,Melon,Female,White,UNDERGRAD,CAS,Bachelor of Arts,440,Undergrad Freshman,Freshman,4.3,,,3.93,3.93,3.83,3.88,,,,,,,,,,,,,,,,,,,,
67,Badminton,"Fall, 2021",Domestic,Unknown,New England,Plum,Male,African American or Black,UNDERGRAD,COM,Bachelor of Science,614,Undergrad Junior,Freshman,3.0,,,1.87,1.87,3.42,2.8,3.33,2.98,3.03,2.99,3.58,3.11,3.25,3.14,,,,,,,,,,,,
68,Bowling,"Fall, 2023",Domestic,Unknown,Mid-Atlantic,Blackberry,Female,White,UNDERGRAD,CAS,Bachelor of Arts,208,Undergrad Freshman,Freshman,3.7,,,3.68,3.68,2.67,3.24,,,,,,,,,,,,,,,,,,,,
69,Roller Derby,"Fall, 2023",Domestic,Unknown,New England,Plum,Male,White,UNDERGRAD,COM,Bachelor of Science,691,Undergrad Junior,Transfer,3.8,,,3.33,3.33,2.9,3.13,,,,,,,,,,,,,,,,,,,,
70,Climbing,"Fall, 2021",International,Ciabatta ,Unknown,Unknown,Female,U.S. Nonresident,UNDERGRAD,SAR,Bachelor of Science,5558,Undergrad Junior,Freshman,3.3,,,2.83,2.83,3.1,2.94,2.43,2.75,3.03,2.82,2.43,2.74,3.33,2.84,,,,,,,,,,,,
71,Curling,"Fall, 2022",International,Wheat,Unknown,Unknown,Male,U.S. Nonresident,UNDERGRAD,CAS,Bachelor of Arts,317,Undergrad Sophomore,Freshman,3.5,,,2.33,2.33,3.0,2.61,3.25,2.85,3.5,3.02,,,,,,,,,,,,,,,,
74,Climbing,"Fall, 2021",Domestic,Unknown,Mid-Atlantic,Kiwi,Female,White,UNDERGRAD,SAR,Bachelor of Science,1237,Undergrad Junior,Freshman,4.0,,,3.75,3.75,3.93,3.85,3.93,3.87,4.0,3.9,3.93,3.91,3.93,3.91,,,,,,,,,,,,
75,Snowboarding,"Fall, 2022",Domestic,Unknown,Pacific,Carrot,Female,White,UNDERGRAD,COM,Bachelor of Science,691,Undergrad Sophomore,Freshman,3.7,,,3.35,3.35,3.18,3.26,3.58,3.37,3.43,3.38,,,,,,,,,,,,,,,,
77,Frisbee,"Fall, 2022",Domestic,Unknown,New England,Plum,Male,White,UNDERGRAD,COM,Bachelor of Science,614,Undergrad Sophomore,Freshman,4.2,,,2.93,2.93,3.33,3.13,3.18,3.14,3.68,3.28,,,,,,,,,,,,,,,,
78,Snowboarding,"Fall, 2023",Domestic,Unknown,New England,Plum,Female,White,UNDERGRAD,COM,Bachelor of Science,14,Undergrad Freshman,Freshman,3.5,,,3.15,3.06,3.1,3.08,,,,,,,,,,,,,,,,,,,,
79,Handball,"Fall, 2021",Domestic,Unknown,Mid-Atlantic,Blackberry,Female,White,UNDERGRAD,SAR,Bachelor of Science,5558,Undergrad Junior,Freshman,3.8,,,2.43,2.43,3.15,2.79,2.9,2.83,3.64,3.05,3.25,3.09,3.23,3.11,,,,,,,,,,,,
80,Ping Pong,"Fall, 2023",Domestic,Unknown,New England,Plum,Female,White,UNDERGRAD,COM,Bachelor of Science,614,Undergrad Freshman,Freshman,3.5,,,3.58,3.58,3.68,3.63,,,,,,,,,,,,,,,,,,,,
83,Badminton,"Fall, 2023",Domestic,Unknown,Mid-Atlantic,Kiwi,Male,White,UNDERGRAD,QST,Bachelor of Science in Business Administration,506,Undergrad Junior,Transfer,3.9,,,3.77,3.83,3.18,3.5,,,,,,,,,,,,,,,,,,,,
84,Beach Volleyball,"Fall, 2022",International,Baguette ,Unknown,Unknown,Female,U.S. Nonresident,UNDERGRAD,QST,Bachelor of Science in Business Administration,506,Undergrad Sophomore,Freshman,4.0,,,3.4,3.4,2.88,3.12,3.0,3.08,3.54,3.18,,,,,,,,,,,,,,,,
86,Curling,"Fall, 2023",Domestic,Unknown,Mid-Atlantic,Blackberry,Male,White,UNDERGRAD,SAR,Bachelor of Science,5561,Undergrad Freshman,Freshman,3.9,,,3.15,3.15,3.2,3.17,,,,,,,,,,,,,,,,,,,,
88,Fencing,"Fall, 2023",Domestic,Unknown,Southwest,Cucumber,Female,Asian,UNDERGRAD,CAS,Bachelor of Arts,1540,Undergrad Freshman,Freshman,3.6,,,2.0,2.0,2.25,2.14,,,,,,,,,,,,,,,,,,,,
89,Cricket,"Fall, 2022",International,Sourdough,Unknown,Unknown,Female,U.S. Nonresident,UNDERGRAD,CAS,Bachelor of Arts,2207,Undergrad Sophomore,Freshman,3.9,,,2.68,2.68,3.23,2.91,3.33,3.06,3.25,3.11,,,,,,,,,,,,,,,,
90,Climbing,"Fall, 2022",International,Cornbread ,Unknown,Unknown,Female,U.S. Nonresident,UNDERGRAD,SAR,Bachelor of Science,1237,Undergrad Sophomore,Freshman,3.1,,,3.75,3.75,3.85,3.8,3.43,3.68,3.18,3.55,,,,,,,,,,,,,,,,
91,Badminton,"Fall, 2021",Domestic,Unknown,New England,Plum,Male,White,UNDERGRAD,QST,Bachelor of Science in Business Administration,506,Undergrad Junior,Freshman,3.6,,,3.1,3.22,3.06,3.15,2.93,3.1,3.08,3.09,3.47,3.17,2.68,3.09,,,,,,,,,,,,
93,Squash ,"Fall, 2022",Domestic,Rye,New England,Plum,Female,African American or Black,UNDERGRAD,CAS,Bachelor of Arts,2001,Undergrad Sophomore,Freshman,4.0,,,3.58,3.58,3.75,3.66,3.93,3.77,3.85,3.79,,,,,,,,,,,,,,,,
94,Volleyball,"Fall, 2022",Domestic,Unknown,New England,Plum,Male,White,UNDERGRAD,QST,Bachelor of Science in Business Administration,506,Undergrad Sophomore,Freshman,3.5,,,3.68,3.68,3.08,3.36,3.43,3.38,3.65,3.45,,,,,,,,,,,,,,,,
95,Squash ,"Fall, 2021",Domestic,Unknown,Mid-Atlantic,Kiwi,Female,Missing,UNDERGRAD,CAS,Bachelor of Arts,401,Undergrad Junior,Freshman,3.7,,,2.47,2.47,3.1,2.83,3.0,2.88,3.25,2.99,2.08,2.78,2.93,2.81,,,,,,,,,,,,
96,Cricket,"Fall, 2023",International,Wheat,Unknown,Unknown,Female,U.S. Nonresident,UNDERGRAD,CAS,Bachelor of Arts,11,Undergrad Sophomore,Transfer,3.5,,,3.67,3.74,3.55,3.67,,,,,,,,,,,,,,,,,,,,
98,Roller Derby,"Fall, 2023",International,Wheat,Unknown,Unknown,Male,U.S. Nonresident,UNDERGRAD,CAS,Bachelor of Arts,11,Undergrad Freshman,Freshman,2.3,,,2.9,2.9,3.67,3.23,,,,,,,,,,,,,,,,,,,,
99,Beach Volleyball,"Fall, 2023",Domestic,Unknown,South,Kale,Female,White,UNDERGRAD,CAS,Bachelor of Arts,2207,Undergrad Freshman,Freshman,3.8,,,3.75,3.75,4.0,3.88,,,,,,,,,,,,,,,,,,,,
102,Polo,"Fall, 2022",Domestic,Unknown,Pacific,Broccoli ,Female,Hispanic/Latino,UNDERGRAD,SAR,Bachelor of Science,5558,Undergrad Sophomore,Freshman,4.1,,,3.08,3.08,3.56,3.32,3.18,3.27,3.25,3.27,,,,,,,,,,,,,,,,
105,Snowboarding,"Fall, 2023",Domestic,Unknown,Mid-Atlantic,Blackberry,Female,White,UNDERGRAD,ENG,Bachelor of Science,909,Undergrad Freshman,Freshman,4.3,,,4.0,4.0,4.0,4.0,,,,,,,,,,,,,,,,,,,,
108,Curling,"Fall, 2022",Domestic,Unknown,South,Kale,Male,White,UNDERGRAD,COM,Bachelor of Science,691,Undergrad Sophomore,Freshman,3.6,,,3.37,3.37,3.43,3.4,3.85,3.56,3.23,3.49,,,,,,,,,,,,,,,,
109,Bowling,"Fall, 2023",Domestic,Unknown,South,Cabbage,Female,White,UNDERGRAD,CAS,Bachelor of Arts,430,Undergrad Freshman,Freshman,4.0,,,4.0,4.0,3.56,3.77,,,,,,,,,,,,,,,,,,,,
110,Curling,"Fall, 2023",Domestic,Unknown,Pacific,Broccoli ,Male,White,UNDERGRAD,QST,Bachelor of Science in Business Administration,506,Undergrad Freshman,Freshman,4.0,,,3.43,3.43,3.39,3.41,,,,,,,,,,,,,,,,,,,,
112,Frisbee,"Fall, 2022",Domestic,Unknown,New England,Plum,Male,White,UNDERGRAD,ENG,Bachelor of Science,910,Undergrad Sophomore,Freshman,4.0,,,3.5,3.5,3.47,3.48,4.0,3.67,3.81,3.7,,,,,,,,,,,,,,,,
113,Beach Volleyball,"Fall, 2022",Domestic,Unknown,Pacific,Broccoli ,Female,Asian,UNDERGRAD,CAS,Bachelor of Arts,449,Undergrad Sophomore,Freshman,3.6,,,3.5,3.5,3.93,3.71,3.87,3.77,3.93,3.81,,,,,,,,,,,,,,,,
114,Squash ,"Fall, 2023",Domestic,Unknown,New England,Plum,Female,African American or Black,UNDERGRAD,CAS,Bachelor of Arts,11,Undergrad Freshman,Freshman,3.4,,,3.0,3.0,3.65,3.33,,,,,,,,,,,,,,,,,,,,
116,Handball,"Fall, 2022",Domestic,Unknown,South,Dragon Fruit,Female,White,UNDERGRAD,CAS,Bachelor of Arts,4991,Undergrad Junior,Freshman,4.1,,,3.53,3.53,4.0,3.8,4.0,3.87,4.0,3.91,,,,,,,,,,,,,,,,
118,Climbing,"Fall, 2023",Domestic,Unknown,South,Leek,Female,White,UNDERGRAD,QST,Bachelor of Science in Business Administration,506,Undergrad Freshman,Freshman,4.3,,,3.7,3.7,3.26,3.46,,,,,,,,,,,,,,,,,,,,
120,Climbing,"Fall, 2022",International,Cornbread ,Unknown,Unknown,Female,U.S. Nonresident,UNDERGRAD,SAR,Bachelor of Science,1237,Undergrad Sophomore,Freshman,3.1,,,3.08,3.08,3.25,3.16,3.2,3.18,2.83,3.09,,,,,,,,,,,,,,,,
123,Badminton,"Fall, 2023",Domestic,Unknown,Mid-Atlantic,Blackberry,Male,White,UNDERGRAD,CAS,Bachelor of Arts,11,Undergrad Freshman,Freshman,3.7,,,2.57,2.57,2.37,2.47,,,,,,,,,,,,,,,,,,,,
126,Bowling,"Fall, 2022",Domestic,Unknown,Mid-Atlantic,Kiwi,Female,Hispanic/Latino,UNDERGRAD,CAS,Bachelor of Arts,2207,Undergrad Sophomore,Freshman,4.1,,,3.25,3.25,3.1,3.18,3.33,3.23,,3.23,,,,,,,,,,,,,,,,
127,Cricket,"Fall, 2021",Domestic,Unknown,New England,Plum,Female,White,UNDERGRAD,COM,Bachelor of Science,614,Undergrad Senior,Freshman,3.5,,,2.9,3.12,3.2,3.15,3.65,3.38,3.43,3.39,3.5,3.43,3.47,3.43,,,,,,,,,,,,
128,Volleyball,"Fall, 2022",Domestic,Unknown,Pacific,Broccoli ,Male,White,UNDERGRAD,COM,Bachelor of Science,614,Undergrad Sophomore,Freshman,3.6,,,2.3,2.3,2.43,2.36,3.0,2.58,3.58,2.83,,,,,,,,,,,,,,,,
130,Badminton,"Fall, 2023",Domestic,Unknown,Mid-Atlantic,Blackberry,Male,White,UNDERGRAD,CAS,Bachelor of Arts,2204,Undergrad Sophomore,Transfer,3.5,,,3.1,3.1,2.68,2.96,,,,,,,,,,,,,,,,,,,,
131,Roller Derby,"Fall, 2023",Domestic,Unknown,New England,Plum,Male,White,UNDERGRAD,QST,Bachelor of Science in Business Administration,506,Undergrad Freshman,Freshman,3.7,,,3.1,3.33,3.31,3.32,,,,,,,,,,,,,,,,,,,,
132,Snowboarding,"Fall, 2022",Domestic,Unknown,New England,Plum,Female,White,UNDERGRAD,SHA,Bachelor of Science,518,Undergrad Sophomore,Freshman,3.7,,,3.58,3.58,3.68,3.63,3.26,3.51,3.68,3.55,,,,,,,,,,,,,,,,
133,Climbing,"Fall, 2023",Domestic,Unknown,New England,Plum,Female,Hispanic/Latino,UNDERGRAD,COM,Bachelor of Science,614,Undergrad Freshman,Freshman,3.7,,,3.5,3.5,3.75,3.63,,,,,,,,,,,,,,,,,,,,
139,Handball,"Fall, 2023",Domestic,Unknown,Mid-Atlantic,Kiwi,Female,White,UNDERGRAD,SAR,Bachelor of Science,1237,Undergrad Freshman,Freshman,4.2,,,3.5,3.5,3.5,3.5,,,,,,,,,,,,,,,,,,,,
140,Squash ,"Fall, 2022",Domestic,Unknown,Pacific,Broccoli ,Female,White,UNDERGRAD,COM,Bachelor of Science,691,Undergrad Sophomore,Freshman,3.9,,,2.18,2.18,3.03,2.6,3.43,2.83,3.65,3.05,,,,,,,,,,,,,,,,
142,Badminton,"Fall, 2023",Domestic,Unknown,New England,Plum,Male,White,UNDERGRAD,CAS,Bachelor of Arts,11,Undergrad Freshman,Freshman,3.3,,,2.85,2.82,2.77,2.8,,,,,,,,,,,,,,,,,,,,
145,Badminton,"Fall, 2021",Domestic,Unknown,New England,Plum,Male,White,UNDERGRAD,SHA,Bachelor of Science,518,Undergrad Junior,Freshman,3.1,,,2.68,2.8,2.49,2.67,2.6,2.73,2.47,2.68,2.64,2.69,3.28,2.79,,,,,,,,,,,,
146,Pickeball,"Fall, 2022",International,Wheat,Unknown,Unknown,Female,U.S. Nonresident,UNDERGRAD,CAS,Bachelor of Arts,1755,Undergrad Sophomore,Freshman,4.0,,,3.75,3.83,3.93,3.87,3.24,3.64,3.18,3.54,,,,,,,,,,,,,,,,
147,Squash ,"Fall, 2023",International,Sourdough,Unknown,Unknown,Female,U.S. Nonresident,UNDERGRAD,CAS,Bachelor of Arts,2001,Undergrad Sophomore,Transfer,3.7,,,4.0,4.0,4.0,4.0,,,,,,,,,,,,,,,,,,,,
148,Bowling,"Fall, 2021",Domestic,Unknown,Mid-Atlantic,Blackberry,Female,Hispanic/Latino,UNDERGRAD,QST,Bachelor of Science in Business Administration,506,Undergrad Junior,Freshman,3.1,,,3.35,3.35,2.93,3.13,3.31,3.19,3.42,3.25,3.18,3.24,2.85,3.18,,,,,,,,,,,,
150,Cricket,"Fall, 2023",Domestic,Unknown,Midwest,Mango,Female,White,UNDERGRAD,CAS,Bachelor of Arts,1501,Undergrad Freshman,Freshman,3.4,,,3.2,3.2,2.83,3.01,,,,,,,,,,,,,,,,,,,,
154,Cricket,"Fall, 2022",Domestic,Unknown,New England,Plum,Female,White,UNDERGRAD,SAR,Bachelor of Science,5558,Undergrad Junior,Transfer,3.7,,,3.18,3.18,3.56,3.38,3.68,3.47,3.43,3.46,,,,,,,,,,,,,,,,
155,Quidditch,"Fall, 2021",International,Wheat,Unknown,Unknown,Male,U.S. Nonresident,UNDERGRAD,CAS,Bachelor of Arts,449,Undergrad Junior,Freshman,4.2,,,4.0,4.0,3.85,3.93,3.73,3.86,3.62,3.79,3.83,3.8,3.94,3.82,,,,,,,,,,,,
156,Badminton,"Fall, 2022",Domestic,Unknown,Mid-Atlantic,Blackberry,Male,White,UNDERGRAD,COM,Bachelor of Science,614,Undergrad Sophomore,Freshman,3.5,,,3.08,3.26,3.43,3.33,3.1,3.28,3.06,3.23,,,,,,,,,,,,,,,,
158,Water Polo,"Fall, 2022",Domestic,Unknown,Pacific,Broccoli ,Male,White,UNDERGRAD,SHA,Bachelor of Science,518,Undergrad Sophomore,Freshman,3.1,,,2.93,3.14,2.47,2.89,2.85,2.78,3.03,2.83,,,,,,,,,,,,,,,,
165,Snowboarding,"Fall, 2021",Domestic,Unknown,New England,Plum,Female,White,UNDERGRAD,QST,Bachelor of Science in Business Administration,506,Undergrad Junior,Freshman,3.6,,,3.58,3.58,3.77,3.68,3.48,3.61,3.5,3.58,3.58,3.58,3.68,3.6,,,,,,,,,,,,
166,Badminton,"Fall, 2022",Domestic,Unknown,New England,Plum,Male,White,UNDERGRAD,CAS,Bachelor of Arts,401,Undergrad Sophomore,Freshman,3.3,,,3.0,3.25,3.67,3.43,3.18,3.31,3.47,3.34,,,,,,,,,,,,,,,,
167,Climbing,"Fall, 2021",Domestic,Unknown,Mid-Atlantic,Kiwi,Female,Missing,UNDERGRAD,COM,Bachelor of Science,602,Undergrad Junior,Freshman,3.5,,,2.15,2.15,3.57,2.76,2.93,2.82,3.0,2.87,2.67,2.83,2.28,2.73,,,,,,,,,,,,
168,Polo,"Fall, 2022",Domestic,Unknown,New England,Plum,Female,White,UNDERGRAD,SHA,Bachelor of Science,518,Undergrad Sophomore,Freshman,4.1,,,3.0,3.0,3.25,3.13,3.35,3.2,3.75,3.34,,,,,,,,,,,,,,,,
171,Badminton,"Fall, 2021",Domestic,Unknown,Mid-Atlantic,Kiwi,Male,Asian,UNDERGRAD,QST,Bachelor of Science in Business Administration,506,Undergrad Junior,Freshman,3.5,,,2.43,2.65,3.18,2.91,2.93,2.92,3.03,2.94,3.43,3.04,2.7,2.98,,,,,,,,,,,,
172,Badminton,"Fall, 2023",Domestic,Unknown,New England,Plum,Male,White,UNDERGRAD,QST,Bachelor of Science in Business Administration,506,Undergrad Junior,Transfer,3.0,,,3.44,3.65,3.23,3.47,,,,,,,,,,,,,,,,,,,,
173,Roller Derby,"Fall, 2023",Domestic,Unknown,Mid-Atlantic,Blackberry,Male,White,UNDERGRAD,COM,Bachelor of Science,614,Undergrad Junior,Transfer,3.3,,,3.25,3.33,3.38,3.35,,,,,,,,,,,,,,,,,,,,
174,Quidditch,"Fall, 2023",Domestic,Unknown,New England,Plum,Male,Asian,UNDERGRAD,CAS,Bachelor of Arts,11,Undergrad Freshman,Freshman,3.7,,,2.77,2.77,3.59,3.24,,,,,,,,,,,,,,,,,,,,
176,Skiing,"Fall, 2021",Domestic,Unknown,Mid-Atlantic,Lemon,Female,White,UNDERGRAD,SAR,Bachelor of Science,5558,Undergrad Senior,Transfer,3.8,,,2.75,2.75,3.58,3.16,3.43,3.25,3.93,3.44,3.93,3.53,4.0,3.62,,,,,,,,,,,,
183,Bowling,"Fall, 2022",International,Wheat,Unknown,Unknown,Female,U.S. Nonresident,UNDERGRAD,CAS,Bachelor of Arts,2204,Undergrad Sophomore,Freshman,4.2,,,4.0,4.0,4.0,4.0,3.83,3.94,4.0,3.95,,,,,,,,,,,,,,,,
187,Squash ,"Fall, 2022",Domestic,Unknown,Mid-Atlantic,Blackberry,Female,African American or Black,UNDERGRAD,CAS,Bachelor of Arts,2207,Undergrad Sophomore,Freshman,4.0,,,3.08,3.08,3.6,3.34,3.26,3.31,3.6,3.38,,,,,,,,,,,,,,,,
188,Bowling,"Fall, 2023",International,Sourdough,Unknown,Unknown,Female,U.S. Nonresident,UNDERGRAD,CAS,Bachelor of Arts,1522,Undergrad Freshman,Freshman,3.7,,,3.18,3.18,3.7,3.44,,,,,,,,,,,,,,,,,,,,
189,Water Polo,"Fall, 2023",Domestic,Unknown,Midwest,Pear,Male,Hispanic/Latino,UNDERGRAD,CAS,Bachelor of Arts,2204,Undergrad Junior,Transfer,3.8,,,2.77,3.08,3.33,3.19,,,,,,,,,,,,,,,,,,,,
190,Badminton,"Fall, 2023",Domestic,Unknown,New England,Plum,Male,White,UNDERGRAD,CAS,Bachelor of Arts,2204,Undergrad Freshman,Freshman,3.6,,,2.8,2.78,2.83,2.8,,,,,,,,,,,,,,,,,,,,
191,Snowboarding,"Fall, 2023",Domestic,Unknown,New England,Plum,Female,White,UNDERGRAD,QST,Bachelor of Science in Business Administration,506,Undergrad Freshman,Freshman,3.8,,,2.9,2.9,3.85,3.44,,,,,,,,,,,,,,,,,,,,
196,Frisbee,"Fall, 2023",International,Sourdough,Unknown,Unknown,Male,U.S. Nonresident,UNDERGRAD,CAS,Bachelor of Arts,1701,Undergrad Freshman,Freshman,3.6,,,3.85,3.85,3.68,3.76,,,,,,,,,,,,,,,,,,,,
198,Kickball,"Fall, 2023",International,Baguette ,Unknown,Unknown,Female,U.S. Nonresident,UNDERGRAD,COM,Bachelor of Science,635,Undergrad Junior,Transfer,3.2,,,3.0,3.0,3.5,3.25,,,,,,,,,,,,,,,,,,,,
199,Fencing,"Fall, 2023",Domestic,Unknown,Midwest,Watermelon,Female,White,UNDERGRAD,SAR,Bachelor of Science,1237,Undergrad Freshman,Freshman,4.3,,,3.1,3.1,3.33,3.21,,,,,,,,,,,,,,,,,,,,
200,Water Polo,"Fall, 2023",Domestic,Unknown,Pacific,Broccoli ,Male,Two or More Races Reported,UNDERGRAD,CAS,Bachelor of Arts,11,Undergrad Freshman,Freshman,3.4,,,2.73,2.98,3.35,3.14,,,,,,,,,,,,,,,,,,,,
201,Badminton,"Fall, 2023",Domestic,Unknown,Mid-Atlantic,Raspberry,Male,African American or Black,UNDERGRAD,CAS,Bachelor of Arts,11,Undergrad Freshman,Freshman,3.5,,,3.33,3.25,3.08,3.16,,,,,,,,,,,,,,,,,,,,
202,Skiing,"Fall, 2023",Domestic,Unknown,Pacific,Broccoli ,Female,White,UNDERGRAD,CAS,Bachelor of Arts,2293,Undergrad Freshman,Freshman,3.8,,,3.4,3.4,3.25,3.33,,,,,,,,,,,,,,,,,,,,
209,Handball,"Fall, 2023",Domestic,Unknown,Mid-Atlantic,Blackberry,Female,White,UNDERGRAD,CAS,Bachelor of Arts,317,Undergrad Freshman,Freshman,3.7,,,2.6,2.6,2.6,2.6,,,,,,,,,,,,,,,,,,,,
212,Badminton,"Fall, 2021",Domestic,Unknown,New England,Grapefruit,Male,White,UNDERGRAD,CAS,Bachelor of Arts,317,Undergrad Senior,Transfer,3.6,,,3.71,3.64,2.75,3.26,2.0,2.88,3.25,2.97,2.98,3.0,3.6,3.09,,,,,,,,,,,,
214,Badminton,"Fall, 2023",Domestic,Unknown,New England,Plum,Male,White,UNDERGRAD,CAS,Bachelor of Arts,11,Undergrad Freshman,Freshman,3.3,,,3.33,3.33,3.18,3.25,,,,,,,,,,,,,,,,,,,,
215,Climbing,"Fall, 2023",Domestic,Unknown,Mid-Atlantic,Lemon,Female,White,UNDERGRAD,COM,Bachelor of Science,614,Undergrad Freshman,Freshman,3.9,,,3.43,3.43,3.75,3.61,,,,,,,,,,,,,,,,,,,,
217,Badminton,"Fall, 2023",Domestic,Unknown,Mid-Atlantic,Blackberry,Male,White,UNDERGRAD,QST,Bachelor of Science in Business Administration,506,Undergrad Freshman,Freshman,4.3,,,3.33,3.32,3.53,3.41,,,,,,,,,,,,,,,,,,,,
218,Fencing,"Fall, 2022",Domestic,Unknown,Pacific,Broccoli ,Female,Two or More Races Reported,UNDERGRAD,CAS,Bachelor of Arts,1501,Undergrad Sophomore,Freshman,4.3,,,3.1,3.1,3.53,3.29,3.43,3.34,3.0,3.24,,,,,,,,,,,,,,,,
224,Roller Derby,"Fall, 2022",Domestic,Unknown,Mid-Atlantic,Blackberry,Male,White,UNDERGRAD,COM,Bachelor of Science,614,Undergrad Sophomore,Freshman,3.3,,,3.7,3.6,3.67,3.63,2.77,3.36,3.43,3.38,,,,,,,,,,,,,,,,
225,Handball,"Fall, 2023",International,Sourdough,Unknown,Unknown,Female,U.S. Nonresident,UNDERGRAD,CAS,Bachelor of Arts,11,Undergrad Freshman,Freshman,3.9,,,2.67,2.67,3.13,2.9,,,,,,,,,,,,,,,,,,,,
227,Water Polo,"Fall, 2023",Domestic,Unknown,New England,Grapefruit,Male,Hispanic/Latino,UNDERGRAD,CAS,Bachelor of Arts,2001,Undergrad Junior,Transfer,3.7,,,3.85,3.88,3.43,3.68,,,,,,,,,,,,,,,,,,,,
228,Water Polo,"Fall, 2023",International,Cornbread ,Unknown,Unknown,Male,U.S. Nonresident,UNDERGRAD,CAS,Bachelor of Arts,11,Undergrad Freshman,Freshman,3.1,,,3.25,3.25,3.34,3.29,,,,,,,,,,,,,,,,,,,,
229,Pickeball,"Fall, 2023",Domestic,Unknown,South,Radish,Female,White,UNDERGRAD,CAS,Bachelor of Arts,11,Undergrad Freshman,Freshman,4.3,,,3.57,3.43,3.5,3.46,,,,,,,,,,,,,,,,,,,,
233,Kickball,"Fall, 2023",International,Baguette ,Unknown,Unknown,Female,U.S. Nonresident,UNDERGRAD,SHA,Bachelor of Science,518,Undergrad Freshman,Freshman,4.0,,,3.8,3.8,4.0,3.9,,,,,,,,,,,,,,,,,,,,
237,Rollerblading,"Fall, 2022",International,Wheat,Unknown,Unknown,Male,U.S. Nonresident,UNDERGRAD,QST,Bachelor of Science in Business Administration,506,Undergrad Sophomore,Freshman,3.5,,,3.33,3.33,3.25,3.29,2.65,3.08,3.1,3.08,,,,,,,,,,,,,,,,
239,Quidditch,"Fall, 2022",Domestic,Unknown,Pacific,Broccoli ,Male,Asian,UNDERGRAD,CAS,Bachelor of Arts,2204,Undergrad Sophomore,Freshman,3.8,,,3.6,3.6,4.0,3.8,3.79,3.8,4.0,3.85,,,,,,,,,,,,,,,,
242,Badminton,"Fall, 2022",Domestic,Unknown,Mid-Atlantic,Raspberry,Male,Two or More Races Reported,UNDERGRAD,QST,Bachelor of Science in Business Administration,506,Undergrad Sophomore,Freshman,3.4,,,3.43,3.54,3.16,3.38,3.43,3.44,3.5,3.45,,,,,,,,,,,,,,,,
244,Squash ,"Fall, 2021",Domestic,Unknown,Mid-Atlantic,Lemon,Female,White,UNDERGRAD,SAR,Bachelor of Science,5558,Undergrad Junior,Freshman,3.7,,,2.77,2.77,2.53,2.63,2.0,2.4,3.53,2.67,3.4,2.83,3.5,2.95,,,,,,,,,,,,
246,Frisbee,"Fall, 2023",International,Ciabatta ,Unknown,Unknown,Male,U.S. Nonresident,UNDERGRAD,ENG,Bachelor of Science,910,Undergrad Freshman,Freshman,3.7,,,4.0,4.0,3.93,3.96,,,,,,,,,,,,,,,,,,,,
247,Badminton,"Fall, 2022",Domestic,Unknown,Mid-Atlantic,Lemon,Male,White,UNDERGRAD,QST,Bachelor of Science in Business Administration,506,Undergrad Junior,Transfer,4.0,,,1.91,1.91,2.81,2.36,2.93,2.71,2.65,2.7,,,,,,,,,,,,,,,,
248,Handball,"Fall, 2023",Domestic,Unknown,Mid-Atlantic,Blackberry,Female,White,UNDERGRAD,CAS,Bachelor of Arts,11,Undergrad Freshman,Freshman,4.3,,,3.47,3.47,3.33,3.39,,,,,,,,,,,,,,,,,,,,
250,Badminton,"Fall, 2022",Domestic,Unknown,Mid-Atlantic,Blackberry,Male,White,UNDERGRAD,SHA,Bachelor of Science,638,Undergrad Sophomore,Freshman,3.7,,,2.65,2.92,2.93,2.92,3.0,2.94,3.33,3.02,,,,,,,,,,,,,,,,
253,Snowboarding,"Fall, 2022",Domestic,Unknown,Mid-Atlantic,Blackberry,Female,White,UNDERGRAD,COM,Bachelor of Science,691,Undergrad Sophomore,Freshman,3.4,,,3.43,3.43,3.15,3.27,3.58,3.38,2.1,3.04,,,,,,,,,,,,,,,,
255,Pickeball,"Fall, 2023",Domestic,Unknown,New England,Grapefruit,Female,African American or Black,UNDERGRAD,QST,Bachelor of Science in Business Administration,506,Undergrad Freshman,Freshman,3.5,,,3.75,3.66,3.1,3.45,,,,,,,,,,,,,,,,,,,,
256,Rollerblading,"Fall, 2022",International,Sourdough,Unknown,Unknown,Male,U.S. Nonresident,UNDERGRAD,QST,Bachelor of Science in Business Administration,506,Undergrad Junior,Transfer,3.8,,,3.37,3.37,3.4,3.39,3.2,3.33,3.0,3.24,,,,,,,,,,,,,,,,
257,Skiing,"Fall, 2023",International,Ciabatta ,Unknown,Unknown,Female,U.S. Nonresident,UNDERGRAD,SAR,Bachelor of Science,5558,Undergrad Freshman,Freshman,3.2,,,3.33,3.33,,,,,,,,,,,,,,,,,,,,,,
258,Skiing,"Fall, 2022",Domestic,Unknown,New England,Plum,Female,White,UNDERGRAD,COM,Bachelor of Science,691,Undergrad Sophomore,Freshman,4.3,,,3.53,3.53,3.83,3.68,3.53,3.63,3.68,3.64,,,,,,,,,,,,,,,,
259,Handball,"Fall, 2021",Domestic,Unknown,New England,Plum,Female,White,UNDERGRAD,SAR,Bachelor of Science,1237,Undergrad Senior,Transfer,3.9,,,3.43,3.43,3.35,3.39,2.98,3.25,3.5,3.31,4.0,3.45,4.0,3.5,,,,,,,,,,,,
260,Ping Pong,"Fall, 2023",Domestic,Unknown,Mid-Atlantic,Lemon,Female,White,UNDERGRAD,COM,Bachelor of Science,614,Undergrad Freshman,Freshman,4.0,,,3.43,3.43,3.68,3.55,,,,,,,,,,,,,,,,,,,,
261,Sailing,"Fall, 2022",Domestic,Unknown,South,Kale,Male,Hispanic/Latino,UNDERGRAD,QST,Bachelor of Science in Business Administration,506,Undergrad Sophomore,Freshman,3.4,,,2.68,2.68,1.85,2.26,2.91,2.69,2.75,2.7,,,,,,,,,,,,,,,,
263,Rollerblading,"Fall, 2022",Domestic,Unknown,Mid-Atlantic,Blackberry,Male,White,UNDERGRAD,COM,Bachelor of Science,614,Undergrad Sophomore,Freshman,4.0,,,2.43,2.43,2.66,2.53,2.9,2.7,3.5,2.9,,,,,,,,,,,,,,,,
264,Pickeball,"Fall, 2023",International,Wheat,Unknown,Unknown,Female,U.S. Nonresident,UNDERGRAD,CAS,Bachelor of Arts,11,Undergrad Sophomore,Transfer,3.5,,,3.75,3.8,3.43,3.63,,,,,,,,,,,,,,,,,,,,
266,Squash ,"Fall, 2022",Domestic,Unknown,South,Dragon Fruit,Female,African American or Black,UNDERGRAD,CAS,Bachelor of Arts,11,Undergrad Sophomore,Freshman,3.4,,,1.1,1.1,1.93,1.57,2.53,1.86,2.93,2.16,,,,,,,,,,,,,,,,
273,Bowling,"Fall, 2022",Domestic,Unknown,New England,Grapefruit,Female,White,UNDERGRAD,SAR,Bachelor of Science,5558,Undergrad Sophomore,Freshman,4.3,,,2.48,2.48,3.27,2.89,2.82,2.87,3.18,2.94,,,,,,,,,,,,,,,,
274,Curling,"Fall, 2022",Domestic,Unknown,Pacific,Spinach,Female,Asian,UNDERGRAD,CAS,Bachelor of Arts,208,Undergrad Sophomore,Freshman,3.9,,,3.23,3.23,3.75,3.53,3.83,3.58,3.68,3.61,,,,,,,,,,,,,,,,
277,Frisbee,"Fall, 2023",Domestic,Unknown,New England,Plum,Male,White,UNDERGRAD,CAS,Bachelor of Arts,2204,Undergrad Freshman,Freshman,4.3,,,3.13,3.13,3.11,3.12,,,,,,,,,,,,,,,,,,,,
278,Climbing,"Fall, 2023",Domestic,Unknown,New England,Plum,Female,White,UNDERGRAD,CAS,Bachelor of Arts,11,Undergrad Freshman,Freshman,3.6,,,2.83,2.83,2.23,2.57,,,,,,,,,,,,,,,,,,,,
279,Bowling,"Fall, 2023",Domestic,Unknown,New England,Plum,Female,White,UNDERGRAD,CAS,Bachelor of Arts,317,Undergrad Freshman,Freshman,3.8,,,3.43,3.43,3.0,3.21,,,,,,,,,,,,,,,,,,,,
280,Kickball,"Fall, 2021",International,Baguette ,Unknown,Unknown,Female,U.S. Nonresident,UNDERGRAD,CAS,Bachelor of Arts,1704,Undergrad Senior,Freshman,4.0,,,3.67,3.67,3.93,3.81,4.0,3.88,3.93,3.89,3.5,3.81,3.93,3.83,,,,,,,,,,,,
285,Badminton,"Fall, 2023",Domestic,Unknown,Mid-Atlantic,Blackberry,Male,White,UNDERGRAD,CAS,Bachelor of Arts,11,Undergrad Freshman,Freshman,3.3,,,3.25,3.25,2.67,2.98,,,,,,,,,,,,,,,,,,,,
287,Climbing,"Fall, 2023",Domestic,Unknown,New England,Plum,Female,White,UNDERGRAD,CAS,Bachelor of Arts,11,Undergrad Freshman,Freshman,3.7,,,3.33,3.33,3.5,3.41,,,,,,,,,,,,,,,,,,,,
291,Rollerblading,"Fall, 2022",Domestic,Unknown,South,Dragon Fruit,Male,White,UNDERGRAD,CAS,Bachelor of Arts,208,Undergrad Sophomore,Freshman,3.7,,,2.8,2.8,3.5,3.2,3.54,3.31,3.36,3.33,,,,,,,,,,,,,,,,
294,Badminton,"Fall, 2022",Domestic,Unknown,Mid-Atlantic,Lemon,Male,White,UNDERGRAD,QST,Bachelor of Science in Business Administration,506,Undergrad Sophomore,Freshman,4.1,,,3.08,2.92,2.86,2.89,2.93,2.99,3.18,3.03,,,,,,,,,,,,,,,,
295,Curling,"Fall, 2023",International,Wheat,Unknown,Unknown,Male,U.S. Nonresident,UNDERGRAD,CAS,Bachelor of Arts,2204,Undergrad Freshman,Freshman,3.5,,,3.5,3.5,4.0,3.8,,,,,,,,,,,,,,,,,,,,
300,Skiing,"Fall, 2023",Domestic,Unknown,Mid-Atlantic,Lemon,Female,White,UNDERGRAD,CAS,Bachelor of Arts,11,Undergrad Freshman,Freshman,4.3,,,2.85,2.85,3.1,2.96,,,,,,,,,,,,,,,,,,,,
301,Badminton,"Fall, 2023",Domestic,Unknown,Mid-Atlantic,Blackberry,Male,White,UNDERGRAD,QST,Bachelor of Science in Business Administration,506,Undergrad Freshman,Freshman,4.0,,,3.58,3.4,3.76,3.55,,,,,,,,,,,,,,,,,,,,
302,Skiing,"Spring, 2023",Domestic,Unknown,New England,Plum,Female,White,UNDERGRAD,SAR,Bachelor of Science,1237,Undergrad Junior,Transfer,3.3,,,3.0,3.0,3.13,3.18,3.0,3.12,,,,,,,,,,,,,,,,,,
303,Pickeball,"Fall, 2021",Domestic,Unknown,Mid-Atlantic,Blackberry,Female,Two or More Races Reported,UNDERGRAD,COM,Bachelor of Science,614,Undergrad Senior,Transfer,3.7,,,2.93,2.93,2.67,2.81,2.25,2.7,3.0,2.78,3.38,2.99,3.25,3.03,,,,,,,,,,,,
305,Fencing,"Fall, 2023",Domestic,Unknown,Midwest,Watermelon,Female,Hispanic/Latino,UNDERGRAD,SAR,Bachelor of Science,5558,Undergrad Freshman,Freshman,4.3,,,3.25,3.25,3.58,3.41,,,,,,,,,,,,,,,,,,,,
306,Curling,"Fall, 2021",International,Wheat,Unknown,Unknown,Male,U.S. Nonresident,UNDERGRAD,QST,Bachelor of Science in Business Administration,506,Undergrad Senior,Freshman,3.5,,,3.93,3.93,3.94,3.93,3.48,3.77,3.34,3.66,3.5,3.63,3.48,3.61,,,,,,,,,,,,
309,Pickeball,"Fall, 2023",International,Wheat,Unknown,Unknown,Female,U.S. Nonresident,UNDERGRAD,CAS,Bachelor of Arts,466,Undergrad Freshman,Freshman,4.0,,,3.1,3.32,3.33,3.33,,,,,,,,,,,,,,,,,,,,
314,Volleyball,"Fall, 2023",Domestic,Unknown,Pacific,Spinach,Male,White,UNDERGRAD,QST,Bachelor of Science in Business Administration,506,Undergrad Freshman,Freshman,4.0,,,3.58,3.58,3.87,3.73,,,,,,,,,,,,,,,,,,,,
316,Frisbee,"Fall, 2022",International,Wheat,Unknown,Unknown,Male,U.S. Nonresident,UNDERGRAD,ENG,Bachelor of Science,905,Undergrad Sophomore,Freshman,3.9,,,3.93,3.93,3.69,3.81,3.67,3.77,3.67,3.75,,,,,,,,,,,,,,,,
318,Snowboarding,"Fall, 2023",Domestic,Unknown,New England,Grapefruit,Female,White,UNDERGRAD,SHA,Bachelor of Science,518,Undergrad Junior,Transfer,3.9,,,3.65,3.65,3.43,3.54,,,,,,,,,,,,,,,,,,,,
319,Skiing,"Fall, 2023",Domestic,Unknown,New England,Plum,Female,White,UNDERGRAD,CAS,Bachelor of Arts,11,Undergrad Freshman,Freshman,4.3,,,3.58,3.58,3.4,3.49,,,,,,,,,,,,,,,,,,,,
320,Handball,"Fall, 2023",International,Pita,Unknown,Unknown,Female,U.S. Nonresident,UNDERGRAD,CAS,Bachelor of Arts,1522,Undergrad Freshman,Freshman,3.6,,,3.85,3.85,3.1,3.48,,,,,,,,,,,,,,,,,,,,
325,Handball,"Fall, 2023",Domestic,Unknown,New England,Grapefruit,Female,Asian,UNDERGRAD,COM,Bachelor of Science,691,Undergrad Freshman,Freshman,3.7,,,3.58,3.58,3.18,3.38,,,,,,,,,,,,,,,,,,,,
326,Squash ,"Fall, 2022",Domestic,Unknown,South,Kale,Female,African American or Black,UNDERGRAD,CAS,Bachelor of Arts,401,Undergrad Sophomore,Freshman,3.6,,,3.03,3.03,3.18,3.1,3.15,3.12,2.87,3.07,,,,,,,,,,,,,,,,
327,Frisbee,"Fall, 2022",Domestic,Unknown,Midwest,Mango,Male,White,UNDERGRAD,COM,Bachelor of Science,14,Undergrad Sophomore,Freshman,3.5,,,2.83,2.83,3.18,3.0,2.67,2.91,2.83,2.89,,,,,,,,,,,,,,,,
331,Curling,"Fall, 2023",Domestic,Unknown,Pacific,Asparagus,Male,Hispanic/Latino,UNDERGRAD,CAS,Bachelor of Arts,401,Undergrad Freshman,Freshman,3.5,,,2.8,2.8,2.4,2.58,,,,,,,,,,,,,,,,,,,,
334,Bowling,"Fall, 2022",Domestic,Unknown,New England,Plum,Female,White,UNDERGRAD,SED,Bachelor of Science,2112,Undergrad Senior,Transfer,3.8,,,4.0,4.0,3.78,3.89,4.0,3.93,4.0,3.94,,,,,,,,,,,,,,,,
337,Rollerblading,"Fall, 2021",Domestic,Unknown,Pacific,Broccoli ,Male,Hispanic/Latino,UNDERGRAD,SHA,Bachelor of Science,518,Undergrad Junior,Freshman,3.7,,,2.77,2.77,2.4,2.56,2.68,2.6,3.08,2.73,3.03,2.79,2.85,2.8,,,,,,,,,,,,
338,Curling,"Fall, 2022",Domestic,Unknown,Mid-Atlantic,Blueberry,Male,White,UNDERGRAD,CAS,Bachelor of Arts,701,Undergrad Sophomore,Freshman,3.9,,,3.35,3.35,3.5,3.43,2.43,3.09,3.03,3.08,,,,,,,,,,,,,,,,
341,Cricket,"Fall, 2023",Domestic,Unknown,Mid-Atlantic,Kiwi,Female,White,UNDERGRAD,QST,Bachelor of Science in Business Administration,506,Undergrad Freshman,Freshman,4.0,,,3.75,3.75,3.54,3.64,,,,,,,,,,,,,,,,,,,,
348,Water Polo,"Fall, 2023",International,Sourdough,Unknown,Unknown,Male,U.S. Nonresident,UNDERGRAD,CAS,Bachelor of Arts,11,Undergrad Freshman,Freshman,3.9,,,4.0,4.0,3.79,3.91,,,,,,,,,,,,,,,,,,,,
350,Pickeball,"Fall, 2023",Domestic,Unknown,New England,Plum,Female,Two or More Races Reported,UNDERGRAD,SHA,Bachelor of Science,518,Undergrad Freshman,Freshman,4.0,,,3.75,3.8,3.58,3.7,,,,,,,,,,,,,,,,,,,,
352,Water Polo,"Fall, 2022",Domestic,Unknown,Mid-Atlantic,Lemon,Male,Missing,UNDERGRAD,QST,Bachelor of Science in Business Administration,506,Undergrad Sophomore,Freshman,4.3,,,3.18,3.34,2.96,3.17,3.33,3.23,3.5,3.29,,,,,,,,,,,,,,,,
353,Roller Derby,"Fall, 2022",International,Sourdough,Unknown,Unknown,Male,U.S. Nonresident,UNDERGRAD,COM,Bachelor of Science,614,Undergrad Sophomore,Freshman,3.6,,,3.15,3.15,3.25,3.2,2.43,3.02,3.16,3.05,,,,,,,,,,,,,,,,
354,Handball,"Fall, 2022",Domestic,Unknown,New England,Grapefruit,Female,White,UNDERGRAD,QST,Bachelor of Science in Business Administration,506,Undergrad Sophomore,Freshman,4.0,,,3.83,3.83,2.75,3.29,3.44,3.33,3.33,3.33,,,,,,,,,,,,,,,,
355,Curling,"Fall, 2023",International,Wheat,Unknown,Unknown,Male,U.S. Nonresident,UNDERGRAD,ENG,Bachelor of Science,910,Undergrad Freshman,Freshman,4.3,,,2.62,2.62,2.83,2.74,,,,,,,,,,,,,,,,,,,,
360,Badminton,"Fall, 2023",Domestic,Unknown,South,Kale,Male,White,UNDERGRAD,QST,Bachelor of Science in Business Administration,506,Undergrad Freshman,Freshman,3.7,,,2.98,2.98,2.51,2.79,,,,,,,,,,,,,,,,,,,,
361,Bowling,"Fall, 2021",International,Wheat,Unknown,Unknown,Female,U.S. Nonresident,UNDERGRAD,CAS,Bachelor of Arts,401,Undergrad Senior,Transfer,2.6,,,3.08,3.08,2.85,2.96,3.25,3.06,3.33,3.11,3.43,3.18,3.5,3.21,,,,,,,,,,,,
362,Ping Pong,"Fall, 2022",Domestic,Unknown,Mid-Atlantic,Blackberry,Female,African American or Black,UNDERGRAD,CAS,Bachelor of Arts,2292,Undergrad Sophomore,Freshman,3.8,,,3.03,3.03,3.83,3.43,3.7,3.52,3.93,3.62,,,,,,,,,,,,,,,,
364,Rollerblading,"Fall, 2022",Domestic,Unknown,Pacific,Carrot,Male,White,UNDERGRAD,ENG,Bachelor of Science,910,Undergrad Sophomore,Freshman,3.9,,,3.43,3.43,3.73,3.58,3.3,3.48,3.78,3.56,,,,,,,,,,,,,,,,
365,Polo,"Fall, 2023",Domestic,Unknown,New England,Plum,Female,White,UNDERGRAD,SAR,Bachelor of Science,5558,Undergrad Freshman,Freshman,4.0,,,3.0,3.0,2.93,2.96,,,,,,,,,,,,,,,,,,,,
369,Snowboarding,"Fall, 2023",Domestic,Unknown,West,Strawberry,Female,White,UNDERGRAD,CDS,Bachelor of Science,1745,Undergrad Freshman,Freshman,4.1,,,3.23,3.23,3.68,3.45,,,,,,,,,,,,,,,,,,,,
371,Roller Derby,"Fall, 2023",Domestic,Unknown,Mid-Atlantic,Blackberry,Male,White,UNDERGRAD,COM,Bachelor of Science,614,Undergrad Sophomore,Transfer,3.0,,,2.77,3.08,3.48,3.25,,,,,,,,,,,,,,,,,,,,
372,Fencing,"Fall, 2021",Domestic,Unknown,Pacific,Broccoli ,Female,White,UNDERGRAD,CAS,Bachelor of Arts,401,Undergrad Junior,Freshman,3.5,,,3.25,3.25,3.25,3.25,2.93,3.14,3.23,3.16,3.58,3.25,3.37,3.27,,,,,,,,,,,,
375,Roller Derby,"Fall, 2023",Domestic,Unknown,Mid-Atlantic,Blackberry,Male,White,UNDERGRAD,CAS,Bachelor of Arts,11,Undergrad Freshman,Freshman,3.8,,,3.25,3.4,2.72,3.14,,,,,,,,,,,,,,,,,,,,
377,Sailing,"Fall, 2022",Domestic,Unknown,South,Kale,Male,Two or More Races Reported,UNDERGRAD,QST,Bachelor of Science in Business Administration,506,Undergrad Sophomore,Freshman,3.4,,,3.0,3.0,2.78,2.89,3.17,2.99,3.35,3.08,,,,,,,,,,,,,,,,
378,Skiing,"Fall, 2022",Domestic,Unknown,New England,Plum,Female,White,UNDERGRAD,CAS,Bachelor of Arts,11,Undergrad Sophomore,Freshman,3.6,,,2.57,2.57,2.43,2.49,3.18,2.74,3.08,2.83,,,,,,,,,,,,,,,,
384,Ping Pong,"Fall, 2023",Domestic,Unknown,Pacific,Spinach,Female,White,UNDERGRAD,QST,Bachelor of Science in Business Administration,506,Undergrad Freshman,Freshman,4.2,,,3.35,3.35,2.92,3.12,,,,,,,,,,,,,,,,,,,,
390,Fencing,"Fall, 2023",Domestic,Unknown,South,Kale,Female,White,UNDERGRAD,ENG,Bachelor of Science,15,Undergrad Freshman,Freshman,4.3,,,2.85,2.85,3.12,3.01,,,,,,,,,,,,,,,,,,,,
398,Squash ,"Fall, 2022",Domestic,Unknown,Southwest,Cucumber,Female,White,UNDERGRAD,COM,Bachelor of Science,635,Undergrad Sophomore,Freshman,4.0,,,2.67,2.67,1.9,2.28,3.84,2.95,3.68,3.15,,,,,,,,,,,,,,,,
399,Fencing,"Spring, 2023",Domestic,Unknown,New England,Grapefruit,Female,White,UNDERGRAD,SAR,Bachelor of Science,5558,Undergrad Junior,Transfer,3.9,,,3.43,3.43,3.4,3.41,3.18,3.33,,,,,,,,,,,,,,,,,,
406,Badminton,"Fall, 2022",Domestic,Unknown,Mid-Atlantic,Blackberry,Male,Hispanic/Latino,UNDERGRAD,QST,Bachelor of Science in Business Administration,506,Undergrad Sophomore,Freshman,3.8,,,3.08,3.26,2.9,3.11,2.68,3.05,2.55,2.93,,,,,,,,,,,,,,,,
408,Volleyball,"Fall, 2021",Domestic,Unknown,New England,Plum,Male,African American or Black,UNDERGRAD,QST,Bachelor of Science in Business Administration,506,Undergrad Junior,Freshman,4.0,,,2.87,2.87,2.77,2.82,2.16,2.41,0.0,2.41,2.5,2.67,1.6,2.52,,,,,,,,,,,,
410,Curling,"Fall, 2023",International,Wheat,Unknown,Unknown,Male,U.S. Nonresident,UNDERGRAD,CAS,Bachelor of Arts,11,Undergrad Freshman,Freshman,3.4,,,2.8,2.8,2.94,2.88,,,,,,,,,,,,,,,,,,,,
417,Handball,"Fall, 2023",Domestic,Unknown,New England,Grapefruit,Female,White,UNDERGRAD,ENG,Bachelor of Science,15,Undergrad Freshman,Freshman,3.8,,,2.38,2.38,2.33,2.35,,,,,,,,,,,,,,,,,,,,
419,Handball,"Fall, 2021",International,Wheat,Unknown,Unknown,Female,U.S. Nonresident,UNDERGRAD,ENG,Bachelor of Science,905,Undergrad Junior,Freshman,3.8,,,3.93,3.93,3.8,3.86,3.78,3.83,3.43,3.73,3.65,3.72,3.6,3.7,,,,,,,,,,,,
422,Beach Volleyball,"Fall, 2023",Domestic,Unknown,Pacific,Broccoli ,Female,White,UNDERGRAD,CAS,Bachelor of Arts,11,Undergrad Freshman,Freshman,4.2,,,4.0,4.0,3.93,3.96,,,,,,,,,,,,,,,,,,,,
424,Roller Derby,"Fall, 2023",Domestic,Unknown,New England,Plum,Male,White,UNDERGRAD,CAS,Bachelor of Arts,11,Undergrad Sophomore,Transfer,3.9,,,3.93,3.74,3.6,3.68,,,,,,,,,,,,,,,,,,,,
425,Badminton,"Fall, 2022",Domestic,Unknown,Mid-Atlantic,Lemon,Male,White,UNDERGRAD,QST,Bachelor of Science in Business Administration,506,Undergrad Sophomore,Freshman,3.2,,,3.6,3.68,2.97,3.41,2.88,3.28,3.0,3.21,,,,,,,,,,,,,,,,
426,Climbing,"Fall, 2023",Domestic,Unknown,New England,Tangerine,Female,White,UNDERGRAD,CAS,Bachelor of Arts,430,Undergrad Freshman,Freshman,3.6,,,3.25,3.25,3.33,3.29,,,,,,,,,,,,,,,,,,,,
427,Badminton,"Fall, 2022",Domestic,Unknown,Mid-Atlantic,Raspberry,Male,Two or More Races Reported,UNDERGRAD,CAS,Bachelor of Arts,2207,Undergrad Sophomore,Freshman,3.5,,,3.5,3.5,2.68,3.09,2.98,3.05,3.23,3.09,,,,,,,,,,,,,,,,
428,Cricket,"Fall, 2023",International,Wheat,Unknown,Unknown,Female,U.S. Nonresident,UNDERGRAD,CAS,Bachelor of Arts,11,Undergrad Sophomore,Transfer,2.7,,,3.8,3.82,3.17,3.58,,,,,,,,,,,,,,,,,,,,
430,Pickeball,"Fall, 2023",International,Wheat,Unknown,Unknown,Female,U.S. Nonresident,UNDERGRAD,CAS,Bachelor of Arts,441,Undergrad Freshman,Freshman,3.8,,,3.33,3.33,3.3,3.32,,,,,,,,,,,,,,,,,,,,
431,Water Polo,"Fall, 2023",Domestic,Unknown,Mid-Atlantic,Lemon,Male,African American or Black,UNDERGRAD,CAS,Bachelor of Arts,11,Undergrad Freshman,Freshman,3.9,,,3.04,2.85,3.91,3.27,,,,,,,,,,,,,,,,,,,,
432,Cricket,"Fall, 2023",International,Sourdough,Unknown,Unknown,Female,U.S. Nonresident,UNDERGRAD,SAR,Bachelor of Science,21,Undergrad Freshman,Freshman,3.8,,,3.63,3.63,3.93,3.79,,,,,,,,,,,,,,,,,,,,
436,Badminton,"Fall, 2021",Domestic,Unknown,South,Cabbage,Male,White,UNDERGRAD,COM,Bachelor of Science,614,Undergrad Junior,Freshman,3.4,,,2.68,2.8,2.68,2.74,3.5,2.98,3.5,3.1,3.57,3.18,3.4,3.21,,,,,,,,,,,,
437,Skiing,"Fall, 2022",Domestic,Unknown,New England,Coconut,Female,White,UNDERGRAD,CAS,Bachelor of Arts,2001,Undergrad Sophomore,Freshman,4.3,,,3.35,3.35,2.6,2.98,2.57,2.86,2.1,2.66,,,,,,,,,,,,,,,,
439,Rollerblading,"Spring, 2023",International,Wheat,Unknown,Unknown,Male,U.S. Nonresident,UNDERGRAD,QST,Bachelor of Science in Business Administration,506,Undergrad Junior,Transfer,3.9,,,3.75,3.75,3.65,3.73,3.83,3.76,,,,,,,,,,,,,,,,,,
440,Rollerblading,"Fall, 2021",Domestic,Unknown,Pacific,Broccoli ,Male,Two or More Races Reported,UNDERGRAD,COM,Bachelor of Science,602,Undergrad Junior,Freshman,3.6,,,3.46,3.46,3.5,3.48,3.08,3.35,3.6,3.42,3.9,3.49,3.49,3.49,,,,,,,,,,,,
442,Badminton,"Fall, 2023",Domestic,Unknown,New England,Grapefruit,Male,White,UNDERGRAD,CAS,Bachelor of Arts,11,Undergrad Freshman,Freshman,3.8,,,3.18,3.18,2.79,2.99,,,,,,,,,,,,,,,,,,,,
444,Badminton,"Fall, 2023",Domestic,Unknown,Mid-Atlantic,Blackberry,Male,White,UNDERGRAD,QST,Bachelor of Science in Business Administration,506,Undergrad Freshman,Freshman,3.7,,,3.23,3.38,2.67,3.11,,,,,,,,,,,,,,,,,,,,
445,Badminton,"Fall, 2022",Domestic,Unknown,Mid-Atlantic,Blackberry,Male,White,UNDERGRAD,QST,Bachelor of Science in Business Administration,506,Undergrad Sophomore,Freshman,4.3,,,3.53,3.42,3.23,3.33,3.1,3.26,2.85,3.16,,,,,,,,,,,,,,,,
448,Quidditch,"Fall, 2022",Domestic,Unknown,Mid-Atlantic,Blackberry,Male,White,UNDERGRAD,QST,Bachelor of Science in Business Administration,506,Undergrad Sophomore,Freshman,4.0,,,3.15,3.15,3.48,3.32,3.43,3.36,3.34,3.35,,,,,,,,,,,,,,,,
449,Handball,"Fall, 2023",Domestic,Unknown,Mid-Atlantic,Kiwi,Female,Missing,UNDERGRAD,CAS,Bachelor of Arts,1755,Undergrad Freshman,Freshman,4.2,,,3.58,3.58,3.43,3.5,,,,,,,,,,,,,,,,,,,,
450,Quidditch,"Fall, 2021",Domestic,Unknown,Midwest,Cherry,Male,Two or More Races Reported,UNDERGRAD,CAS,Bachelor of Arts,2001,Undergrad Junior,Freshman,3.3,,,2.2,2.2,1.98,2.07,3.18,2.27,0.0,2.27,3.0,2.45,,2.45,,,,,,,,,,,,
453,Ping Pong,"Fall, 2023",Domestic,Unknown,Pacific,Broccoli ,Female,White,UNDERGRAD,CAS,Bachelor of Arts,401,Undergrad Freshman,Freshman,4.3,,,3.43,3.43,3.85,3.64,,,,,,,,,,,,,,,,,,,,
457,Curling,"Fall, 2023",Domestic,Unknown,Pacific,Broccoli ,Male,White,UNDERGRAD,CAS,Bachelor of Arts,317,Undergrad Freshman,Freshman,3.9,,,3.85,3.85,4.0,3.93,,,,,,,,,,,,,,,,,,,,
458,Bowling,"Fall, 2023",Domestic,Unknown,Mid-Atlantic,Lemon,Female,White,UNDERGRAD,ENG,Bachelor of Science,15,Undergrad Freshman,Freshman,4.2,,,3.18,3.18,3.22,3.2,,,,,,,,,,,,,,,,,,,,
459,Badminton,"Fall, 2023",Domestic,Unknown,New England,Plum,Male,White,UNDERGRAD,CAS,Bachelor of Arts,2204,Undergrad Freshman,Freshman,3.2,,,2.93,3.14,3.1,3.13,,,,,,,,,,,,,,,,,,,,
461,Bowling,"Fall, 2023",Domestic,Unknown,New England,Tangerine,Female,White,UNDERGRAD,CAS,Bachelor of Arts,2207,Undergrad Freshman,Freshman,3.9,,,3.53,3.53,3.48,3.5,,,,,,,,,,,,,,,,,,,,
462,Quidditch,"Fall, 2023",Domestic,Unknown,Midwest,Watermelon,Male,White,UNDERGRAD,CAS,Bachelor of Arts,11,Undergrad Freshman,Freshman,3.8,,,3.85,3.85,3.79,3.82,,,,,,,,,,,,,,,,,,,,
466,Kickball,"Fall, 2023",Domestic,Unknown,Pacific,Asparagus,Female,Two or More Races Reported,UNDERGRAD,QST,Bachelor of Science in Business Administration,506,Undergrad Freshman,Freshman,4.0,,,4.0,4.0,3.93,3.96,,,,,,,,,,,,,,,,,,,,
467,Skiing,"Fall, 2022",Domestic,Unknown,Mid-Atlantic,Kiwi,Female,White,UNDERGRAD,SAR,Bachelor of Science,5558,Undergrad Sophomore,Freshman,4.3,,,3.85,3.85,3.93,3.89,4.0,3.93,4.0,3.94,,,,,,,,,,,,,,,,
469,Skiing,"Fall, 2022",Domestic,Unknown,Mid-Atlantic,Lemon,Female,White,UNDERGRAD,QST,Bachelor of Science in Business Administration,506,Undergrad Junior,Transfer,3.8,,,2.28,2.28,2.59,2.42,2.4,2.41,2.68,2.48,,,,,,,,,,,,,,,,
471,Water Polo,"Fall, 2021",Domestic,Unknown,Mid-Atlantic,Blackberry,Male,African American or Black,UNDERGRAD,CAS,Bachelor of Arts,2208,Undergrad Junior,Freshman,2.8,,,2.33,2.46,3.33,2.84,2.49,2.76,3.58,2.95,3.19,3.01,3.25,3.04,,,,,,,,,,,,
472,Rollerblading,"Fall, 2022",Domestic,Unknown,Mid-Atlantic,Kiwi,Male,Asian,UNDERGRAD,QST,Bachelor of Science in Business Administration,506,Undergrad Sophomore,Freshman,4.0,,,3.58,3.58,3.48,3.52,3.4,3.49,3.33,3.45,,,,,,,,,,,,,,,,
473,Badminton,"Fall, 2022",Domestic,Unknown,New England,Grapefruit,Male,White,UNDERGRAD,CAS,Bachelor of Arts,2204,Undergrad Sophomore,Freshman,3.6,,,2.35,2.48,1.78,2.17,3.1,2.45,3.35,2.66,,,,,,,,,,,,,,,,
476,Bowling,"Fall, 2023",Domestic,Unknown,Mid-Atlantic,Blueberry,Female,White,UNDERGRAD,CAS,Bachelor of Arts,1929,Undergrad Freshman,Freshman,4.0,,,2.93,2.93,2.87,2.9,,,,,,,,,,,,,,,,,,,,
477,Pickeball,"Fall, 2023",Domestic,Unknown,New England,Plum,Female,White,UNDERGRAD,COM,Bachelor of Science,614,Undergrad Freshman,Freshman,3.4,,,3.57,3.6,3.33,3.46,,,,,,,,,,,,,,,,,,,,
478,Climbing,"Fall, 2022",Domestic,Unknown,Mid-Atlantic,Kiwi,Female,White,UNDERGRAD,QST,Bachelor of Science in Business Administration,506,Undergrad Sophomore,Freshman,4.0,,,3.58,3.58,3.18,3.38,3.26,3.33,3.67,3.4,,,,,,,,,,,,,,,,
481,Badminton,"Fall, 2023",Domestic,Unknown,New England,Plum,Male,White,UNDERGRAD,CAS,Bachelor of Arts,2204,Undergrad Freshman,Freshman,3.7,,,2.85,3.02,3.28,3.13,,,,,,,,,,,,,,,,,,,,
482,Snowboarding,"Fall, 2023",Domestic,Unknown,Mid-Atlantic,Raspberry,Female,White,UNDERGRAD,CAS,Bachelor of Arts,11,Undergrad Freshman,Freshman,4.3,,,4.0,4.0,4.0,4.0,,,,,,,,,,,,,,,,,,,,
485,Roller Derby,"Fall, 2021",Domestic,Unknown,Midwest,Pineapple,Male,White,UNDERGRAD,SHA,Bachelor of Science,518,Undergrad Junior,Freshman,3.8,,,2.67,2.68,2.47,2.59,3.28,2.84,3.2,2.93,3.74,3.14,3.2,3.14,,,,,,,,,,,,
488,Rollerblading,"Fall, 2021",Domestic,Unknown,Midwest,Orange,Male,Hispanic/Latino,UNDERGRAD,CAS,Bachelor of Arts,401,Undergrad Senior,Transfer,3.7,,,2.9,2.9,3.58,3.24,3.65,3.35,3.85,3.46,4.0,3.57,4.0,3.64,,,,,,,,,,,,
489,Squash ,"Fall, 2021",Domestic,Unknown,Pacific,Carrot,Female,Native Hawaiian or Pacific Islander,UNDERGRAD,SED,Bachelor of Science,2110,Undergrad Junior,Freshman,3.4,,,2.43,2.43,2.74,2.61,3.6,2.97,4.0,3.24,3.93,3.4,3.23,3.38,,,,,,,,,,,,
492,Pickeball,"Fall, 2023",Domestic,Unknown,Mid-Atlantic,Kiwi,Female,African American or Black,UNDERGRAD,CAS,Bachelor of Arts,2247,Undergrad Junior,Transfer,3.5,,,3.48,3.52,3.5,3.51,,,,,,,,,,,,,,,,,,,,
496,Squash ,"Fall, 2023",Domestic,Unknown,New England,Plum,Female,White,UNDERGRAD,CAS,Bachelor of Arts,449,Undergrad Freshman,Freshman,3.9,,,3.83,3.83,3.93,3.88,,,,,,,,,,,,,,,,,,,,
497,Bowling,"Fall, 2023",International,Ciabatta ,Unknown,Unknown,Female,U.S. Nonresident,UNDERGRAD,CAS,Bachelor of Arts,2001,Undergrad Freshman,Freshman,3.6,,,2.63,2.63,2.43,2.53,,,,,,,,,,,,,,,,,,,,
499,Climbing,"Fall, 2023",Domestic,Unknown,New England,Avocado,Female,White,UNDERGRAD,CAS,Bachelor of Arts,401,Undergrad Freshman,Freshman,3.5,,,2.77,2.77,2.53,2.65,,,,,,,,,,,,,,,,,,,,
502,Handball,"Fall, 2022",Domestic,Unknown,Mid-Atlantic,Kiwi,Female,White,UNDERGRAD,SAR,Bachelor of Science,424,Undergrad Sophomore,Freshman,4.3,,,3.1,3.1,2.93,3.0,3.33,3.12,3.68,3.27,,,,,,,,,,,,,,,,
511,Bowling,"Fall, 2022",Domestic,Unknown,South,Dragon Fruit,Female,White,UNDERGRAD,CAS,Bachelor of Arts,401,Undergrad Sophomore,Freshman,3.9,,,3.77,3.77,3.77,3.77,3.37,3.67,3.57,3.65,,,,,,,,,,,,,,,,
516,Cricket,"Fall, 2021",Domestic,Unknown,Midwest,Lime,Female,Hispanic/Latino,UNDERGRAD,COM,Bachelor of Science,691,Undergrad Junior,Freshman,3.5,,,2.9,2.9,2.43,2.7,2.65,2.73,3.5,2.93,3.5,3.05,3.75,3.16,,,,,,,,,,,,
517,Snowboarding,"Fall, 2023",Domestic,Unknown,Mid-Atlantic,Blackberry,Female,White,UNDERGRAD,SAR,Bachelor of Science,5558,Undergrad Junior,Transfer,4.0,,,3.43,3.43,3.93,3.71,,,,,,,,,,,,,,,,,,,,
519,Climbing,"Fall, 2023",Domestic,Unknown,Mid-Atlantic,Kiwi,Female,White,UNDERGRAD,CAS,Bachelor of Arts,317,Undergrad Sophomore,Transfer,3.6,,,3.43,3.43,2.78,3.08,,,,,,,,,,,,,,,,,,,,
521,Skiing,"Fall, 2023",Domestic,Unknown,New England,Grapefruit,Female,White,UNDERGRAD,QST,Bachelor of Science in Business Administration,506,Undergrad Freshman,Freshman,4.3,,,4.0,4.0,4.0,4.0,,,,,,,,,,,,,,,,,,,,
522,Climbing,"Spring, 2023",International,Wheat,Unknown,Unknown,Female,U.S. Nonresident,UNDERGRAD,QST,Bachelor of Science in Business Administration,506,Undergrad Sophomore,Freshman,3.7,,,2.93,2.93,2.97,2.95,3.15,3.02,,,,,,,,,,,,,,,,,,
523,Squash ,"Fall, 2021",Domestic,Unknown,South,Leek,Female,White,UNDERGRAD,SHA,Bachelor of Science,518,Undergrad Junior,Freshman,3.4,,,2.6,2.6,2.57,2.59,2.55,2.58,3.43,2.82,3.33,2.91,3.33,2.99,,,,,,,,,,,,
526,Ping Pong,"Fall, 2023",Domestic,Unknown,Pacific,Broccoli ,Female,Two or More Races Reported,UNDERGRAD,CAS,Bachelor of Arts,11,Undergrad Freshman,Freshman,3.9,,,1.57,1.57,2.98,2.28,,,,,,,,,,,,,,,,,,,,
530,Curling,"Fall, 2021",International,Wheat,Unknown,Unknown,Male,U.S. Nonresident,UNDERGRAD,QST,Bachelor of Science in Business Administration,506,Undergrad Junior,Freshman,3.3,,,3.93,3.93,3.79,3.86,3.7,3.8,3.93,3.84,3.85,3.84,4.0,3.86,,,,,,,,,,,,
532,Fencing,"Fall, 2022",Domestic,Unknown,South,Kale,Female,White,UNDERGRAD,CAS,Bachelor of Arts,2207,Undergrad Junior,Transfer,4.3,,,4.0,4.0,3.68,3.84,3.85,3.81,4.0,3.86,,,,,,,,,,,,,,,,
536,Roller Derby,"Spring, 2022",Domestic,Unknown,Mid-Atlantic,Kiwi,Male,White,UNDERGRAD,QST,Bachelor of Science in Business Administration,506,Undergrad Junior,Freshman,4.3,,,3.25,3.25,3.29,3.24,2.93,3.14,3.08,3.16,3.1,3.15,,,,,,,,,,,,,,
538,Climbing,"Fall, 2023",Domestic,Unknown,New England,Plum,Female,White,UNDERGRAD,SAR,Bachelor of Science,424,Undergrad Freshman,Freshman,4.2,,,3.43,3.43,3.43,3.43,,,,,,,,,,,,,,,,,,,,
540,Ping Pong,"Fall, 2022",Domestic,Unknown,New England,Plum,Female,White,UNDERGRAD,SAR,Bachelor of Science,1237,Undergrad Sophomore,Freshman,4.0,,,3.83,3.83,3.93,3.88,3.77,3.85,3.93,3.87,,,,,,,,,,,,,,,,
543,Beach Volleyball,"Fall, 2023",International,Wheat,Unknown,Unknown,Female,U.S. Nonresident,UNDERGRAD,SAR,Bachelor of Science,21,Undergrad Freshman,Freshman,3.8,,,3.19,3.19,3.43,3.31,,,,,,,,,,,,,,,,,,,,
545,Handball,"Fall, 2022",Domestic,Unknown,Midwest,Melon,Female,White,UNDERGRAD,QST,Bachelor of Science in Business Administration,506,Undergrad Sophomore,Freshman,3.9,,,3.65,3.65,3.08,3.27,3.23,3.25,3.23,3.25,,,,,,,,,,,,,,,,
546,Polo,"Fall, 2022",Domestic,Unknown,New England,Plum,Female,White,UNDERGRAD,SAR,Bachelor of Science,5558,Undergrad Sophomore,Freshman,4.3,,,3.85,3.85,3.83,3.84,3.93,3.87,3.93,3.88,,,,,,,,,,,,,,,,
549,Bowling,"Fall, 2022",Domestic,Unknown,South,Dragon Fruit,Female,White,UNDERGRAD,ENG,Bachelor of Science,905,Undergrad Sophomore,Freshman,3.9,,,3.0,3.0,2.72,2.85,3.3,3.01,3.5,3.13,,,,,,,,,,,,,,,,
550,Curling,"Spring, 2022",Domestic,Unknown,Pacific,Broccoli ,Male,White,UNDERGRAD,QST,Bachelor of Science in Business Administration,506,Undergrad Senior,Transfer,2.9,,,2.43,2.43,3.19,2.81,2.9,2.84,2.15,2.69,2.68,2.68,,,,,,,,,,,,,,
554,Bowling,"Fall, 2023",Domestic,Unknown,New England,Grapefruit,Female,White,UNDERGRAD,COM,Bachelor of Science,608,Undergrad Junior,Transfer,4.1,,,3.93,3.93,4.0,3.96,,,,,,,,,,,,,,,,,,,,
556,Rollerblading,"Fall, 2023",Domestic,Unknown,New England,Plum,Male,Hispanic/Latino,UNDERGRAD,CAS,Bachelor of Arts,11,Undergrad Freshman,Freshman,3.8,,,3.33,3.33,3.78,3.59,,,,,,,,,,,,,,,,,,,,
558,Sailing,"Fall, 2021",Domestic,Unknown,Southwest,Celery,Male,White,UNDERGRAD,ENG,Bachelor of Science,930,Undergrad Sophomore,Freshman,3.6,,,2.67,2.67,3.61,3.21,2.14,2.93,2.65,2.85,2.63,2.92,1.83,2.73,,,,,,,,,,,,
559,Bowling,"Fall, 2023",Domestic,Unknown,Mid-Atlantic,Kiwi,Female,White,UNDERGRAD,CAS,Bachelor of Arts,449,Undergrad Freshman,Freshman,4.0,,,3.68,3.54,3.58,3.56,,,,,,,,,,,,,,,,,,,,
560,Water Polo,"Fall, 2022",International,Wheat,Unknown,Unknown,Male,U.S. Nonresident,UNDERGRAD,CAS,Bachelor of Arts,317,Undergrad Sophomore,Freshman,3.5,,,2.9,2.9,3.18,3.04,3.11,3.1,3.62,3.22,,,,,,,,,,,,,,,,
562,Bowling,"Fall, 2023",Domestic,Unknown,New England,Plum,Female,White,UNDERGRAD,SAR,Bachelor of Science,5558,Undergrad Sophomore,Transfer,3.0,,,2.86,2.86,3.03,2.94,,,,,,,,,,,,,,,,,,,,
565,Bowling,"Fall, 2021",International,Sourdough,Unknown,Unknown,Female,U.S. Nonresident,UNDERGRAD,SAR,Bachelor of Science,5561,Undergrad Junior,Freshman,4.0,,,3.48,3.48,3.53,3.5,3.68,3.56,3.33,3.5,3.18,3.44,3.43,3.43,,,,,,,,,,,,
567,Pickeball,"Fall, 2021",Domestic,Unknown,New England,Plum,Female,White,UNDERGRAD,SED,Bachelor of Science,2111,Undergrad Junior,Freshman,2.8,,,3.15,3.06,2.9,3.0,3.4,3.13,1.2,2.74,3.08,2.84,2.94,2.85,,,,,,,,,,,,
573,Snowboarding,"Fall, 2022",Domestic,Unknown,New England,Tangerine,Female,White,UNDERGRAD,SHA,Bachelor of Science,638,Undergrad Sophomore,Freshman,3.8,,,3.25,3.25,3.4,3.33,3.54,3.39,3.58,3.44,,,,,,,,,,,,,,,,
574,Snowboarding,"Fall, 2022",Domestic,Unknown,Mid-Atlantic,Kiwi,Female,White,UNDERGRAD,CAS,Bachelor of Arts,2204,Undergrad Sophomore,Freshman,4.3,,,3.57,3.57,3.58,3.57,3.08,3.39,3.85,3.51,,,,,,,,,,,,,,,,
575,Squash ,"Fall, 2022",Domestic,Unknown,Mid-Atlantic,Kiwi,Female,African American or Black,UNDERGRAD,ENG,Bachelor of Science,910,Undergrad Sophomore,Freshman,3.9,,,3.35,3.35,3.58,3.47,3.28,3.4,3.06,3.31,,,,,,,,,,,,,,,,
576,Handball,"Fall, 2023",Domestic,Unknown,Pacific,Broccoli ,Female,White,UNDERGRAD,CAS,Bachelor of Arts,317,Undergrad Freshman,Freshman,3.7,,,1.9,1.9,2.1,1.99,,,,,,,,,,,,,,,,,,,,
580,Roller Derby,"Fall, 2022",Domestic,Unknown,Midwest,Watermelon,Male,White,UNDERGRAD,CAS,Bachelor of Arts,11,Undergrad Sophomore,Freshman,3.2,,,2.87,2.87,2.77,2.82,2.9,2.86,2.67,2.82,,,,,,,,,,,,,,,,
583,Volleyball,"Fall, 2021",Domestic,Unknown,Mid-Atlantic,Blackberry,Male,White,UNDERGRAD,COM,Bachelor of Science,614,Undergrad Junior,Freshman,3.3,,,3.23,3.23,2.93,3.06,2.94,3.02,3.33,3.09,3.13,3.06,3.93,3.22,,,,,,,,,,,,
586,Snowboarding,"Fall, 2022",Domestic,Unknown,New England,Plum,Female,White,UNDERGRAD,SAR,Bachelor of Science,5558,Undergrad Sophomore,Freshman,3.5,,,2.87,2.87,3.0,2.94,3.31,3.08,3.25,3.12,,,,,,,,,,,,,,,,
588,Bowling,"Fall, 2020",International,Wheat,Unknown,Unknown,Female,U.S. Nonresident,UNDERGRAD,CAS,Bachelor of Arts,2001,Undergrad Senior,Freshman,3.2,,,3.0,3.0,3.15,3.08,3.33,3.16,3.6,3.27,3.58,3.33,3.58,3.37,3.35,3.37,3.48,3.38,,,,,,,,
589,Roller Derby,"Fall, 2023",International,Sourdough,Unknown,Unknown,Male,U.S. Nonresident,UNDERGRAD,SHA,Bachelor of Science,518,Undergrad Freshman,Freshman,3.4,,,3.35,3.21,3.35,3.27,,,,,,,,,,,,,,,,,,,,
590,Rollerblading,"Spring, 2023",Domestic,Unknown,South,Kale,Male,White,UNDERGRAD,CDS,Bachelor of Science,1745,Undergrad Sophomore,Freshman,3.8,,,4.0,4.0,3.77,3.91,3.7,3.84,,,,,,,,,,,,,,,,,,
593,Badminton,"Fall, 2023",Domestic,Unknown,Mid-Atlantic,Kiwi,Male,White,UNDERGRAD,QST,Bachelor of Science in Business Administration,506,Undergrad Sophomore,Transfer,3.8,,,3.16,3.16,2.85,2.99,,,,,,,,,,,,,,,,,,,,
594,Badminton,"Fall, 2021",Domestic,Unknown,Mid-Atlantic,Blackberry,Male,White,UNDERGRAD,QST,Bachelor of Science in Business Administration,506,Undergrad Junior,Freshman,3.4,,,3.23,3.1,2.18,2.64,2.95,2.72,2.98,2.79,2.75,2.78,2.4,2.72,,,,,,,,,,,,
595,Frisbee,"Fall, 2023",International,Sourdough,Unknown,Unknown,Male,U.S. Nonresident,UNDERGRAD,CAS,Bachelor of Arts,2204,Undergrad Freshman,Freshman,3.3,,,2.33,2.33,2.67,2.49,,,,,,,,,,,,,,,,,,,,
596,Roller Derby,"Fall, 2023",International,Sourdough,Unknown,Unknown,Male,U.S. Nonresident,UNDERGRAD,CAS,Bachelor of Arts,11,Undergrad Freshman,Freshman,3.1,,,3.0,3.0,3.23,3.12,,,,,,,,,,,,,,,,,,,,
599,Polo,"Fall, 2023",Domestic,Unknown,New England,Plum,Female,White,UNDERGRAD,CAS,Bachelor of Arts,2207,Undergrad Freshman,Freshman,4.3,,,2.9,2.9,3.1,3.01,,,,,,,,,,,,,,,,,,,,
601,Cricket,"Fall, 2023",International,Sourdough,Unknown,Unknown,Female,U.S. Nonresident,UNDERGRAD,QST,Bachelor of Science in Business Administration,506,Undergrad Freshman,Freshman,4.0,,,2.43,2.43,2.81,2.61,,,,,,,,,,,,,,,,,,,,
602,Bowling,"Fall, 2023",Domestic,Unknown,South,Cabbage,Female,White,UNDERGRAD,QST,Bachelor of Science in Business Administration,506,Undergrad Freshman,Freshman,4.3,,,3.48,3.48,3.74,3.61,,,,,,,,,,,,,,,,,,,,
605,Handball,"Fall, 2023",Domestic,Unknown,Midwest,Mango,Female,Asian,UNDERGRAD,CAS,Bachelor of Arts,401,Undergrad Freshman,Freshman,3.8,,,2.43,2.43,2.5,2.46,,,,,,,,,,,,,,,,,,,,
607,Quidditch,"Fall, 2023",Domestic,Unknown,Mid-Atlantic,Lemon,Male,White,UNDERGRAD,ENG,Bachelor of Science,910,Undergrad Freshman,Freshman,3.8,,,2.63,2.63,3.17,2.91,,,,,,,,,,,,,,,,,,,,
610,Skiing,"Fall, 2023",International,Wheat,Unknown,Unknown,Female,U.S. Nonresident,UNDERGRAD,CAS,Bachelor of Arts,701,Undergrad Freshman,Freshman,3.3,,,1.65,1.65,3.0,2.46,,,,,,,,,,,,,,,,,,,,
614,Rollerblading,"Fall, 2023",Domestic,Unknown,Southwest,Celery,Male,Two or More Races Reported,UNDERGRAD,ENG,Bachelor of Science,910,Undergrad Freshman,Freshman,4.0,,,3.05,3.05,2.83,2.94,,,,,,,,,,,,,,,,,,,,
615,Curling,"Fall, 2021",International,Wheat,Unknown,Unknown,Male,U.S. Nonresident,UNDERGRAD,QST,Bachelor of Science in Business Administration,506,Undergrad Junior,Freshman,3.2,,,3.0,3.0,2.74,2.86,2.81,2.85,3.25,2.95,3.25,3.0,3.1,3.02,,,,,,,,,,,,
616,Roller Derby,"Fall, 2022",Domestic,Unknown,Mid-Atlantic,Lemon,Male,Two or More Races Reported,UNDERGRAD,SHA,Bachelor of Science,518,Undergrad Sophomore,Freshman,3.3,,,3.1,3.08,2.67,2.9,2.63,2.82,2.35,2.74,,,,,,,,,,,,,,,,
618,Handball,"Fall, 2022",Domestic,Unknown,Pacific,Broccoli ,Female,White,UNDERGRAD,CAS,Bachelor of Arts,2001,Undergrad Sophomore,Freshman,3.7,,,3.6,3.6,0.67,2.34,3.25,2.67,1.9,2.47,,,,,,,,,,,,,,,,
619,Bowling,"Fall, 2021",Domestic,Unknown,Mid-Atlantic,Kiwi,Female,White,UNDERGRAD,CAS,Bachelor of Arts,1522,Undergrad Junior,Freshman,3.8,,,3.39,3.39,2.79,3.05,3.43,3.18,3.35,3.22,3.5,3.28,3.78,3.37,,,,,,,,,,,,
620,Polo,"Fall, 2023",Domestic,Unknown,Pacific,Broccoli ,Female,Two or More Races Reported,UNDERGRAD,COM,Bachelor of Science,691,Undergrad Freshman,Freshman,3.4,,,3.0,3.0,3.68,3.39,,,,,,,,,,,,,,,,,,,,
621,Bowling,"Fall, 2023",Domestic,Unknown,Pacific,Broccoli ,Female,White,UNDERGRAD,CAS,Bachelor of Arts,11,Undergrad Freshman,Freshman,4.2,,,3.57,3.57,3.5,3.53,,,,,,,,,,,,,,,,,,,,
622,Bowling,"Fall, 2022",Domestic,Unknown,New England,Plum,Female,Hispanic/Latino,UNDERGRAD,SAR,Bachelor of Science,5558,Undergrad Sophomore,Freshman,3.7,,,2.25,2.25,1.93,2.09,2.65,2.28,3.01,2.44,,,,,,,,,,,,,,,,
